colour,hex,note
black,#000000,
white,#FFFFFF,
cream,#F3EBD8,off-white / ivory
grey,#808080,includes charcoal and melange
beige,#D8C3A5,includes tan / nude / skin / taupe
brown,#6F4E37,
khaki,#C3B091,
red,#C0392B,
burgundy,#800020,includes maroon / wine
pink,#F4A6C1,includes rose / peach / magenta
orange,#F28C28,includes rust
yellow,#F4D03F,includes mustard
green,#2E8B57,
olive,#708238,
teal,#008080,includes turquoise / sea green
navy,#1F2A44,
blue,#2F6FD6,includes light / denim blue
purple,#7D3C98,includes lavender / mauve
gold,#D4AF37,includes bronze / copper
silver,#C0C0C0,includes steel / metallic
multicolour,,no single dominant colour
