baseColour,primary_colour
Black,black
White,white
Off White,cream
Cream,cream
Grey,grey
Charcoal,grey
Grey Melange,grey
Beige,beige
Tan,beige
Skin,beige
Nude,beige
Taupe,beige
Mushroom Brown,beige
Brown,brown
Coffee Brown,brown
Khaki,khaki
Red,red
Maroon,burgundy
Burgundy,burgundy
Pink,pink
Rose,pink
Peach,pink
Magenta,pink
Orange,orange
Rust,orange
Yellow,yellow
Mustard,yellow
Green,green
Lime Green,green
Fluorescent Green,green
Olive,olive
Teal,teal
Turquoise Blue,teal
Sea Green,teal
Navy Blue,navy
Blue,blue
Purple,purple
Lavender,purple
Mauve,purple
Gold,gold
Bronze,gold
Copper,gold
Silver,silver
Steel,silver
Metallic,silver
Multi,multicolour
