applies_to,attribute,coverage,note
bottom_dress,micro (length),1,length of skirts / shorts / pants / dresses / jumpsuits
bottom_dress,mini (length),2,
bottom_dress,above-the-knee (length),2,
bottom_dress,knee (length),3,
bottom_dress,below the knee (length),4,
bottom_dress,midi,4,
bottom_dress,maxi (length),5,
bottom_dress,floor (length),5,
bottom_dress,above-the-hip (length),,no modesty information
bottom_dress,hip (length),,no modesty information
bottom_dress,sleeveless,,
bottom_dress,short (length),,
bottom_dress,elbow-length,,
bottom_dress,three quarter (length),,
bottom_dress,wrist-length,,
top,micro (length),1,crop top (shows the belly)
top,above-the-hip (length),,
top,hip (length),,
top,mini (length),,
top,above-the-knee (length),,
top,knee (length),,
top,below the knee (length),,
top,midi,,
top,maxi (length),,
top,floor (length),,
top,sleeveless,,
top,short (length),,
top,elbow-length,,
top,three quarter (length),,
top,wrist-length,,
sleeve,sleeveless,2,length attribute of the linked 'sleeve' part objects
sleeve,short (length),3,
sleeve,elbow-length,4,
sleeve,three quarter (length),4,
sleeve,wrist-length,5,
sleeve,micro (length),,
sleeve,mini (length),,
sleeve,above-the-hip (length),,
sleeve,hip (length),,
sleeve,above-the-knee (length),,
sleeve,knee (length),,
sleeve,below the knee (length),,
sleeve,midi,,
sleeve,maxi (length),,
sleeve,floor (length),,
neckline,plunging (neckline),1,neckline type of the linked 'neckline' part objects
neckline,off-the-shoulder,2,
neckline,one shoulder,2,
neckline,straight across (neck),2,strapless
neckline,sweetheart (neckline),2,
neckline,halter (neck),2,
neckline,v-neck,3,
neckline,scoop (neck),3,
neckline,u-neck,3,
neckline,square (neckline),3,
neckline,keyhole (neck),3,
neckline,illusion (neck),3,sheer panel
neckline,surplice (neck),3,
neckline,crossover (neck),3,
neckline,cowl (neck),3,
neckline,boat (neck),3,
neckline,oval (neck),4,
neckline,round (neck),4,
neckline,crew (neck),4,
neckline,queen anne (neck),4,
neckline,choker (neck),4,
neckline,high (neck),5,
neckline,turtle (neck),5,
neckline,collarless,,no modesty information
neckline,asymmetric (neckline),,no modesty information
