sub_category,gender,note
shirt,unisex,REVIEW (team starting values): men / women / unisex; decides the gender of items with no gender label
sweater,unisex,REVIEW
sweatshirt,unisex,REVIEW
t-shirt,unisex,REVIEW
top,unisex,REVIEW
tunic,women,REVIEW
capris,women,REVIEW
jeans,unisex,REVIEW
leggings,women,REVIEW
shorts,unisex,REVIEW
skirt,women,REVIEW
track-pants,unisex,REVIEW
trousers,unisex,REVIEW
dress,women,REVIEW
jumpsuit,women,REVIEW
blazer,unisex,REVIEW
cape,women,REVIEW
cardigan,unisex,REVIEW
coat,unisex,REVIEW
jacket,unisex,REVIEW
waistcoat,unisex,REVIEW
casual-shoes,unisex,REVIEW
flats,women,REVIEW
flip-flops,unisex,REVIEW
formal-shoes,unisex,REVIEW
heels,women,REVIEW
sandals,unisex,REVIEW
sneakers,unisex,REVIEW
backpack,unisex,REVIEW
clutch,women,REVIEW
duffel-bag,unisex,REVIEW
handbag,women,REVIEW
laptop-bag,unisex,REVIEW
messenger-bag,unisex,REVIEW
waist-bag,unisex,REVIEW
belt,unisex,REVIEW
bracelet,women,REVIEW
brooch,women,REVIEW
cap,unisex,REVIEW
cufflinks,men,REVIEW
earrings,women,REVIEW
glasses,unisex,REVIEW
gloves,unisex,REVIEW
hair-accessory,women,REVIEW
hat,unisex,REVIEW
jewellery-set,women,REVIEW
necklace,women,REVIEW
ring,unisex,REVIEW
scarf,unisex,REVIEW
sunglasses,unisex,REVIEW
suspenders,men,REVIEW
tie,men,REVIEW
wallet,unisex,REVIEW
watch,unisex,REVIEW
swim-shorts,men,REVIEW
swimsuit,women,REVIEW
jebba,men,REVIEW: Tunisian men's traditional robe
kaftan,women,REVIEW
