colour_group_name,primary_colour,note
Black,black,
White,white,
Off White,cream,
Grey,grey,
Light Grey,grey,
Dark Grey,grey,
Beige,beige,
Light Beige,beige,
Dark Beige,beige,
Greyish Beige,beige,taupe
Yellowish Brown,brown,camel / cognac
Greenish Khaki,olive,H&M's khaki is green
Red,red,
Light Red,red,
Other Red,red,
Dark Red,burgundy,
Pink,pink,
Light Pink,pink,
Dark Pink,pink,
Other Pink,pink,
Orange,orange,
Light Orange,orange,
Dark Orange,orange,rust
Other Orange,orange,
Yellow,yellow,
Light Yellow,yellow,
Dark Yellow,yellow,mustard
Other Yellow,yellow,
Green,green,
Light Green,green,
Dark Green,green,
Other Green,green,
Turquoise,teal,
Light Turquoise,teal,
Dark Turquoise,teal,
Other Turquoise,teal,
Dark Blue,navy,
Blue,blue,
Light Blue,blue,
Other Blue,blue,
Purple,purple,
Light Purple,purple,
Dark Purple,purple,
Other Purple,purple,
Gold,gold,
Bronze/Copper,gold,
Silver,silver,
Transparent,,no palette colour
Other,,unknown
Unknown,,unknown
