sub_category,category
shirt,top
sweater,top
sweatshirt,top
t-shirt,top
top,top
tunic,top
capris,bottom
jeans,bottom
leggings,bottom
shorts,bottom
skirt,bottom
track-pants,bottom
trousers,bottom
dress,dress
jumpsuit,dress
blazer,outerwear
cape,outerwear
cardigan,outerwear
coat,outerwear
jacket,outerwear
waistcoat,outerwear
casual-shoes,shoes
flats,shoes
flip-flops,shoes
formal-shoes,shoes
heels,shoes
sandals,shoes
sneakers,shoes
backpack,bag
clutch,bag
duffel-bag,bag
handbag,bag
laptop-bag,bag
messenger-bag,bag
waist-bag,bag
belt,accessory
bracelet,accessory
brooch,accessory
cap,accessory
cufflinks,accessory
earrings,accessory
glasses,accessory
gloves,accessory
hair-accessory,accessory
hat,accessory
jewellery-set,accessory
necklace,accessory
ring,accessory
scarf,accessory
sunglasses,accessory
suspenders,accessory
tie,accessory
wallet,accessory
watch,accessory
swim-shorts,swimwear
swimsuit,swimwear
jebba,traditional
kaftan,traditional
