a,b,score,note
track-pants,blazer,0.2,"REVIEW (team starting values): 1 = fine, 0 = never together; pairs not listed count as 1"
track-pants,waistcoat,0.2,REVIEW
track-pants,formal-shoes,0.1,REVIEW
track-pants,heels,0.2,REVIEW
track-pants,tie,0.1,REVIEW
track-pants,clutch,0.3,REVIEW
track-pants,shirt,0.5,REVIEW
shorts,blazer,0.4,REVIEW
shorts,waistcoat,0.4,REVIEW
shorts,coat,0.3,REVIEW
shorts,formal-shoes,0.2,REVIEW
shorts,heels,0.4,REVIEW
shorts,tie,0.1,REVIEW
leggings,formal-shoes,0.3,REVIEW
flip-flops,trousers,0.4,REVIEW
flip-flops,blazer,0.1,REVIEW
flip-flops,waistcoat,0.2,REVIEW
flip-flops,coat,0.2,REVIEW
flip-flops,tie,0.0,REVIEW
flip-flops,laptop-bag,0.4,REVIEW
sandals,coat,0.4,REVIEW
sweatshirt,formal-shoes,0.3,REVIEW
sweatshirt,tie,0.2,REVIEW
sweatshirt,blazer,0.5,REVIEW
t-shirt,tie,0.1,REVIEW
t-shirt,cufflinks,0.1,REVIEW
sneakers,tie,0.3,REVIEW
heels,backpack,0.5,REVIEW
swimsuit,formal-shoes,0.1,REVIEW: beach outfits
swimsuit,heels,0.3,REVIEW
swimsuit,sneakers,0.5,REVIEW
swimsuit,casual-shoes,0.5,REVIEW
swimsuit,laptop-bag,0.2,REVIEW
swimsuit,tie,0.0,REVIEW
swim-shorts,formal-shoes,0.1,REVIEW
swim-shorts,heels,0.3,REVIEW
swim-shorts,sneakers,0.5,REVIEW
swim-shorts,casual-shoes,0.5,REVIEW
swim-shorts,laptop-bag,0.2,REVIEW
swim-shorts,tie,0.0,REVIEW
